[
	{
		"id": 1,
		"title": "Мужские Кроссовки Nike Blazer Mid Suede",
		"price": 12999,
		"imgUrl": "/img/sneakers/1.jpg"
	},
	{
		"id": 2,
		"title": "Мужские Кроссовки Nike Air Max 270",
		"price": 15999,
		"imgUrl": "/img/sneakers/2.jpg"
	},
	{
		"id": 3,
		"title": "Мужские Кроссовки Nike Blazer Mid Suede",
		"price": 8499,
		"imgUrl": "/img/sneakers/3.jpg"
	},
	{
		"id": 4,
		"title": "Кроссовки Puma X Aka Boku Future Rider",
		"price": 8999,
		"imgUrl": "/img/sneakers/4.jpg"
	},
	{
		"id": 5,
		"title": "Мужские Кроссовки Under Armour Curry 8",
		"price": 15199,
		"imgUrl": "/img/sneakers/5.jpg"
	},
	{
		"id": 6,
		"title": "Мужские Кроссовки Nike Kyrie 7",
		"price": 11299,
		"imgUrl": "/img/sneakers/6.jpg"
	},
	{
		"id": 7,
		"title": "Мужские Кроссовки Jordan Air Jordan 11",
		"price": 10799,
		"imgUrl": "/img/sneakers/7.jpg"
	},
	{
		"id": 8,
		"title": "Мужские Кроссовки Nike LeBron XVIII",
		"price": 16489,
		"imgUrl": "/img/sneakers/8.jpg"
	},
	{
		"id": 9,
		"title": "Мужские Кроссовки Nike Lebron XVIII Low",
		"price": 13999,
		"imgUrl": "/img/sneakers/9.jpg"
	},
	{
		"id": 10,
		"title": "Мужские Кроссовки Nike Blazer Mid Suede",
		"price": 8499,
		"imgUrl": "/img/sneakers/10.jpg"
	},
	{
		"id": 11,
		"title": "Кроссовки Puma X Aka Boku Future Rider",
		"price": 8999,
		"imgUrl": "/img/sneakers/11.jpg"
	},
	{
		"id": 12,
		"title": "Мужские Кроссовки Nike Kyrie Flytrap IV",
		"price": 11299,
		"imgUrl": "/img/sneakers/12.jpg"
	}
]
